id,text,generated_label,generated_severity,ambiguous,bucket,reviewed_label,reviewed_severity,note
tst-0010,契約更新の時期が近づいてきました。プラン変更と見積もりについて、担当者とお話ししたいのですが、可能でしょうか？,sales,normal,0,,,,
tst-0011,すみません、使い方がよくわからなくて困っています。ダッシュボードでのレポート出力方法を、初心者にもわかるように教えていただけますか？,technical,normal,0,,,,
tst-0021,先月の請求書の金額が契約と異なります。内訳をご説明いただけますでしょうか。,billing,normal,0,other,,,
tst-0031,緊急です。今朝からシステムにログインできず、重要な顧客データが参照できなくなっています。至急対応をお願いします。,urgent_claim,high,0,polite_urgent,,,
tst-0036,請求先の会社名を変更したいのですが、手続き方法がわかりません。,billing,normal,0,other,,,
tst-0042,請求書のPDFが文字化けして読めません。別形式で再送付をお願いします。,billing,normal,0,very_short,,,
tst-0043,最近のアップデート後、レポート機能がうまく動作しません。もしかして仕様が変わったのでしょうか？,technical,normal,1,multi_topic,,,
tst-0051,契約更新の案内が届かず、自動解約されるのではないかと不安です。手続き方法を教えてください。,billing,normal,0,normal,,,
tst-0052,API の認証エラーが頻発しており、開発が止まっています。設定方法のマニュアルを共有していただけますか？,technical,normal,0,normal,,,
tst-0054,使い方が分からず、マニュアルを読んでも解決しません。初心者向けの説明をお願いします。,technical,normal,0,very_short,,,
tst-0060,サービスが完全に停止しており、業務が全て止まっています。今すぐ復旧対応をお願いします。,urgent_claim,high,0,polite_urgent,,,
tst-0064,管理者権限が不正に書き換えられており、システムへのアクセスが全てブロックされています。緊急で調査と復旧をお願いします。,urgent_claim,high,0,polite_urgent,,,
tst-0071,請求書のPDFが届きません。メールアドレスは間違えていないと思うのですが、再送をお願いできますでしょうか？,billing,normal,0,angry_normal,,,
tst-0074,助けて,other,high,1,very_short,,,
tst-0076,決済がエラーになってサービスが停止しています。顧客からの入金が確認できず、業務に重大な支障が出ています。,urgent_claim,high,0,polite_urgent,,,
tst-0094,請求書の宛名が間違っており、修正をお願いしたいのですが、対応可能でしょうか？,billing,normal,0,normal,,,
tst-0095,APIのドキュメントが見つからず、開発が進められません。ご案内いただけますでしょうか？,technical,normal,0,normal,,,
tst-0096,見積もりの依頼をしたいのですが、エンタープライズプランの詳細を教えていただけますか？,sales,normal,0,normal,,,
tst-0099,まったく使い物にならない！また落ちやがって、本当に最悪だ！,technical,normal,0,angry_normal,,,
tst-0100,請求金額がおかしい！二重請求されているし、対応が遅すぎる！,billing,normal,0,angry_normal,,,
tst-0105,昨晩のバックアップ復元で顧客データが一部欠損しており、緊急対応を求めます。,urgent_claim,high,0,other,,,
tst-0107,二段階認証が突破され、管理者アカウントが乗っ取られた形跡があります。緊急に対応してください。,urgent_claim,high,0,technical,,,
tst-0108,請求書の宛名が間違っており、経理部から差し戻されました。至急修正版を発行してください。,billing,high,0,angry_normal,,,
tst-0116,パートナー制度について詳しく知りたいです。資料を送っていただけますか？,sales,normal,0,other,,,
tst-0119,データベースへの不正アクセスの痕跡が見つかりました。お客様情報の漏洩が懸念されますので、即時調査をお願いいたします。,urgent_claim,high,0,polite_urgent,,,
tst-0120,サブスクリプションの自動更新が止まっており、サービスが利用できなくなっています。契約状況を確認し、復旧対応をお願いします。,billing,high,0,angry_normal,,,
tst-0130,本日午前からログインができず、重要なデータにアクセスできません。緊急対応をお願いいたします。,urgent_claim,high,0,polite_urgent,,,
tst-0132,不正ログインの可能性があり、アカウントがロックされました。被害拡大を防ぐため即時対応を求めます。,urgent_claim,high,0,polite_urgent,,,
tst-0136,契約更新の手続きがわかりません。マニュアルを教えていただけますか？,billing,normal,0,normal,,,
tst-0142,採用についてお聞きしたいのですが、担当者をつなげていただけますか？,other,normal,0,normal,,,
tst-0159,サービス利用中に画面が真っ白になり、操作が一切できなくなりました。ブラウザを変えても同じ状態です。,technical,normal,0,normal,,,
tst-0160,システムに突然ログインできなくなり、重要な顧客データにアクセス不可となっています。即時対応をお願いします。,urgent_claim,high,0,polite_urgent,,,
tst-0171,導入後のトレーニング資料がほしいです。特に管理者向けの詳細マニュアルをPDFで送っていただけますか？,other,normal,0,normal,,,
tst-0175,すみません、お急ぎのところ恐縮ですが、本日中にデータエクスポートの設定を完了させなければならず、手順がわからず困っております。ご教示いただけますと幸いです。,technical,high,0,very_short,,,
tst-0176,なんだか様子がおかしいような…気のせいかもしれませんが、念のため確認していただけますでしょうか？,other,normal,1,normal,,,
tst-0180,決済が停止されサービスが利用できません。至急復旧をお願い申し上げます。,billing,high,0,urgent_claim,,,
tst-0183,また請求額が間違っている！前回も同じミスで時間を無駄にしている。,billing,normal,0,angry_normal,,,
tst-0185,プラン変更と追加オプションの見積もりを同時にお願いできますでしょうか。,sales,normal,0,multi_topic,,,
tst-0189,導入を検討しているのですが、セキュリティ認証はどのような規格に対応していますか？,sales,normal,0,sales,,,
tst-0204,請求書の宛名が間違っているため、至急修正をお願いします。,billing,high,0,polite_urgent,,,
tst-0228,導入から1か月ですが、操作マニュアルが見つからず困っています。,technical,normal,0,normal,,,
tst-0233,OK,sales,normal,0,very_short,,,
tst-0235,今朝から管理者アカウントがロックされており、復旧方法がわからず業務が止まっています。,urgent_claim,high,0,polite_urgent,,,
tst-0238,データベースへの書き込みが完全に失敗しており、バックアップからの復旧が必要な状況です。,urgent_claim,high,0,technical,,,
tst-0252,決済が止まってサービスが利用できません。至急対応を求めます。,urgent_claim,high,0,polite_urgent,,,
tst-0254,マニュアルを見ても設定がうまくいかず、エラーが出続けます。,technical,normal,0,normal,,,
tst-0255,プラン変更を検討しています。機能比較の資料を送っていただけますか？,sales,normal,0,normal,,,
tst-0260,あのさあ、サポートの対応が遅すぎて本当うんざりだわ。さっさと対応しろよ。,technical,high,0,angry_normal,,,
tst-0266,バックアップから復旧できず、重要なプロジェクトデータが全て消失しています。緊急サポートを要請します。,urgent_claim,high,0,polite_urgent,,,
tst-0273,採用ページから応募したのですが、返信がありません。選考状況を教えてください。,other,normal,0,normal,,,
tst-0275,短いですが、復旧見通しを教えてください。,technical,normal,0,very_short,,,
tst-0276,システムの挙動がどうもおかしいというか、もしかしたら設定の問題かもしれませんが、よくわかりません。,technical,normal,1,multi_topic,,,
tst-0279,不正アクセスの痕跡があり、機密情報が漏洩している可能性があります。緊急で対応してください。,urgent_claim,high,0,polite_urgent,,,
tst-0283,契約更新の手続き方法がわかりません。マニュアルを送っていただけますか？,billing,normal,0,normal,,,
tst-0284,エラー画面が表示されて操作できません。再起動しても改善しません。対応方法を教えてください。,technical,normal,0,normal,,,
tst-0286,導入を検討しています。デモをお願いできますか？,sales,normal,0,normal,,,
tst-0288,ふざけんな！またログインできなくなった！すぐに直せや！,technical,normal,0,angry_normal,,,
tst-0289,困っています。,other,normal,0,very_short,,,
tst-0292,10月4日09:30ごろ、API エンドポイント /v2/data が 500 エラーを返し続けています。稼働中のバッチジョブが止まっています。対応をお願いします。,urgent_claim,high,0,polite_urgent,,,
tst-0294,昨晩のシステムアップデート後、DB 接続プールが枯渇し、全サービスがタイムアウトしています。緊急障害とみなし、原因調査と復旧を依頼します。,urgent_claim,high,0,polite_urgent,,,
tst-0298,API のレートリミットが 100 リクエスト/分に設定されているようですが、これを 500 に上げたいです。プラン変更の手順を教えてください。,technical,normal,0,normal,,,
tst-0300,御社のエンタープライズプランについて、導入コストとサポート体制の詳細を知りたいです。見積もりをお願いできますでしょうか。,sales,normal,0,normal,,,
tst-0301,現在のプランからアドオン機能『高度なレポート』のみを追加したいのですが、可能でしょうか。費用と契約変更の手続きを教えてください。,sales,normal,0,normal,,,
tst-0308,データが勝手に削除されていました。バックアップから復元できるか確認したいです。,urgent_claim,high,0,polite_urgent,,,
tst-0323,不正アクセスの痕跡を見つけました。誰かが管理者権限で設定を変更しており、緊急に調査とアカウントのロックを依頼します。,urgent_claim,high,0,polite_urgent,,,
tst-0327,導入後の初期設定について、マニュアルに載っていない項目があります。担当者をつないで詳細を説明してほしいです。,other,normal,0,multi_topic,,,
tst-0339,設定画面でSSOの認証が失敗します。エラーコードはAUTH-002です。解決方法を教えてください。,technical,normal,0,,,,
tst-0341,プランをプロからエンタープライズに変更したいです。見積もりと導入スケジュールを教えてください。,sales,normal,0,,,,
tst-0350,不審なログイン試行が複数検出されました。アカウントの不正アクセスを疑います。即時調査を依頼します。,urgent_claim,high,0,,,,
tst-0352,個人情報が外部に漏れた可能性があります。事実確認と被害拡大防止のため緊急対応をお願いします。,urgent_claim,high,0,,,,
tst-0356,特定の機能ボタンが反応せず、操作ができません。ブラウザを変えても同様です。,technical,normal,0,,,,
tst-0362,緊急：データベースが完全に停止しており、バックアップからの復旧手順を教えてください。,urgent_claim,high,0,polite_urgent,,,
tst-0366,決済処理が全て失敗しており、売上が停止しています。至急原因調査と復旧をお願いします。,urgent_claim,high,0,polite_urgent,,,
tst-0369,API のエンドポイントが 500 エラーを返します。再現手順と修正方法を教えてください。,technical,normal,0,normal,,,
tst-0381,不正アクセスにより顧客リストが流出した可能性があります。事実確認と被害拡大防止のため、即時対応を求めます。,urgent_claim,high,0,angry_normal,,,
tst-0386,エンタープライズプランへのアップグレードを検討しています。見積もりと機能比較表をお願いできますか？,sales,normal,0,normal,,,
tst-0389,プレスリリースについて取材したいのですが、広報担当者を紹介していただけますか？,other,normal,0,normal,,,
tst-0390,請求と設定の両方について質問があります。まずは請求書の内訳を確認したいのと、同時にSSO設定がうまくいかないので助けてください。,billing,normal,0,multi_topic,,,
tst-0394,アカウントが不正アクセスされ、機密情報が外部に漏洩した可能性があります。至急調査と対応をお願いします。,urgent_claim,high,0,angry_normal,,,
tst-0395,決済が繰り返し失敗し、サービスが停止しています。クレジットカード情報を更新しても改善せず、業務に支障が出ています。,billing,high,0,polite_urgent,,,
tst-0401,契約更新の案内が届いていないのですが、まだ継続できますか？手続き方法も合わせて教えてください。,billing,normal,0,other,,,
tst-0405,ありがとう,other,normal,0,very_short,,,
tst-0408,不正アクセスの兆候があり、ログに異常なアクセス履歴が残っています。緊急で調査をお願いします。,urgent_claim,high,0,polite_urgent,,,
tst-0411,請求書の金額が契約と合わず、二重請求されているように見えます。確認と修正をお願いします。,billing,normal,0,other,,,
tst-0414,契約更新の手続き方法がわかりません。マニュアルやサポートページを教えてください。,billing,normal,0,other,,,
tst-0415,管理画面のUIが急に変わり、使い方が分からなくなりました。以前のバージョンに戻せますか？,technical,normal,0,other,,,
tst-0416,うわーっ、またログイン失敗って何回言えばわかるんだ！ふざけるな！,technical,normal,0,angry_normal,,,
tst-0418,請求とログイン両方に問題あり。請求書が届かない上に、パスワードリセットもできません。,billing,normal,0,multi_topic,,,
tst-0420,昨晩からログインできず、重要なデータへのアクセスが完全に遮断されています。至急対応をお願いします。,urgent_claim,high,0,polite_urgent,,,
tst-0423,決済エラーでサービスが停止し、業務に深刻な支障が出ています。すぐ解決しないと損害賠償を考えます。,urgent_claim,high,0,angry_normal,,,
tst-0425,先月の請求書に見覚えのないオプション料金が含まれていました。内訳を教えていただけますか？,billing,normal,0,billing,,,
tst-0433,契約更新の案内メールが届きましたが、内容がよくわかりません。詳しい説明をお願いします。,billing,normal,0,other,,,
tst-0444,営業担当からの案内メールが届きません。アドレスの登録を確認してほしいです。,sales,normal,0,normal,,,
tst-0453,データベースが破損しており、業務データが参照できません。至急対応願います。,urgent_claim,high,0,polite_urgent,,,
tst-0457,サービスの使い方が分からず、設定方法を丁寧に説明してほしいです。,technical,normal,0,normal,,,
tst-0460,契約更新の案内が来ていません。再送をお願いできますか。,billing,normal,0,normal,,,
tst-0467,決済が停止され、サービスが利用できません。至急対応していただけますでしょうか。,urgent_claim,high,0,angry_normal,,,
tst-0476,導入を検討中の他社事例があれば教えていただけますでしょうか。参考にさせてください。,sales,normal,0,normal,,,
tst-0498,APIがエラーを返します。設定方法を教えてください。,technical,normal,0,very_short,,,
tst-0499,動作が重いです。何か設定ミスでしょうか？,technical,normal,1,ambiguous,,,
tst-0500,サービスへのアクセスが完全に遮断され、業務が停止しています。至急復旧対応をお願いします。,urgent_claim,high,0,polite_urgent,,,
